game_id,event_index,period,game_clock,call_type,review_decision,incorrect,committing_player,disadvantaged_player,comment,crew_chief_id,days_rest,back_to_back,games_last_7,travel_miles_last_7_days,estimated_pace,q4_pre_l2m_actions_per_minute,l2m_actions_per_minute,call_family,decision_kind,clock_seconds,clock_bucket,period_bucket,monitoring_type,call_type_grouped,days_rest_capped,travel_miles_last_7k,predicted_error_probability
0022400205,7,Q4,01:16.5,Foul: Defense 3 Second,INC,1,Guerschon Yabusele,Hornets,Yabusele (PHI) is in the paint for longer than three seconds without imminently actively guarding an opponent.,2004.0,4.0,0,2.0,1391.7959050077184,97.8656603773585,8.1,19.0,Foul,non_call,76.5,61-90s,Q4,timing_count,Foul: Defense 3 Second,4.0,1.3917959050077184,0.5752609795157092
0022400076,10,Q4,00:03.3,Foul: Defense 3 Second,CNC,0,Domantas Sabonis,Timberwolves,Sabonis (SAC) moves to imminently guard an opponent within three seconds.,204059.0,1.0,1,1.0,1311.1036530834751,102.94,9.6,18.5,Foul,non_call,3.3,00-30s,Q4,timing_count,Foul: Defense 3 Second,1.0,1.3111036530834752,0.5742621970949334
0022400917,2,Q4,01:16.0,Foul: Defense 3 Second,INC,1,Paolo Banchero,Bucks,Banchero (ORL) fails to fully clear the lane and is in the paint for longer than three seconds without imminently actively guarding an opponent.,202007.0,4.0,0,2.0,2690.327185188451,94.24000000000001,8.0,16.0,Foul,non_call,76.0,61-90s,Q4,timing_count,Foul: Defense 3 Second,4.0,2.690327185188451,0.5725767265865052
0022400792,1,Q4,01:13.7,Foul: Defense 3 Second,CNC,0,Josh Giddey,Knicks,Giddey (CHI) is in the paint for less than three seconds when he moves to imminently guard an opponent.,201245.0,8.0,0,0.0,1016.4976921782738,101.74188679245283,9.1,10.0,Foul,non_call,73.7,61-90s,Q4,timing_count,Foul: Defense 3 Second,7.0,1.0164976921782738,0.5679417708069139
0022400089,12,Q4,00:31.7,Foul: Defense 3 Second,INC,1,Jalen Duren,Celtics,Duren (DET) is in the paint for longer than three seconds without imminently actively guarding an opponent.,2003.0,1.0,1,1.0,1320.4617143670716,101.44,9.6,22.5,Foul,non_call,31.7,31-60s,Q4,timing_count,Foul: Defense 3 Second,1.0,1.3204617143670716,0.5661345979432896
0022400014,3,Q4,01:12.9,Foul: Defense 3 Second,CNC,0,Cameron Johnson,Knicks,Johnson (BKN) is in the paint for at or about three seconds when he is imminently exiting.,204058.0,2.0,0,2.0,2481.2709057094658,100.32,10.8,13.0,Foul,non_call,72.9,61-90s,Q4,timing_count,Foul: Defense 3 Second,2.0,2.481270905709466,0.5655030501864597
0022400169,4,Q4,01:27.8,Foul: Defense 3 Second,INC,1,Isaiah Stewart,Hornets,Stewart (DET) fails to the clear the lane and is in the paint for longer than three seconds without imminently actively guarding an opponent.,2002.0,8.0,0,0.0,939.3023666557799,101.5,8.9,17.0,Foul,non_call,87.8,61-90s,Q4,timing_count,Foul: Defense 3 Second,7.0,0.9393023666557799,0.5653097992525711
0022400170,3,Q4,01:01.7,Foul: Defense 3 Second,INC,1,Jalen Suggs,Pacers,Suggs (ORL) straddles the lane line and is in the paint for longer than three seconds without imminently actively guarding an opponent.,203592.0,3.0,0,2.0,3808.979168458273,96.94,9.3,14.0,Foul,non_call,61.7,61-90s,Q4,timing_count,Foul: Defense 3 Second,3.0,3.808979168458273,0.5488518452958576
0022400311,6,Q4,01:07.3,Foul: Defense 3 Second,INC,1,Anthony Davis,Jazz,Davis (LAL) is in the paint for longer than three seconds without imminently actively guarding an opponent.,204059.0,4.0,0,2.0,5527.616540941255,93.52000000000002,7.7,9.0,Foul,non_call,67.3,61-90s,Q4,timing_count,Foul: Defense 3 Second,4.0,5.527616540941255,0.5477374762131736
0022400002,14,Q5,00:43.0,Foul: Defense 3 Second,INC,1,Bam Adebayo,Pistons,Adebayo (MIA) is in the paint for longer than three seconds without imminently actively guarding an opponent.,200833.0,2.0,0,1.0,920.9073885638692,96.47094339622642,8.4,16.5,Foul,non_call,43.0,31-60s,OT,timing_count,Foul: Defense 3 Second,2.0,0.9209073885638692,0.5432649885968219
0022401198,41,Q5,00:09.5,Foul: Defense 3 Second,INC,1,Jimmy Butler III,Clippers,Butler III (GSW) is in the paint for longer than three seconds without imminently actively guarding an opponent.,202041.0,2.0,0,2.0,1553.3366028639593,91.48981132075474,7.4,13.0,Foul,non_call,9.5,00-30s,OT,timing_count,Foul: Defense 3 Second,2.0,1.5533366028639592,0.5386721152541937
0022400586,9,Q4,01:07.1,Foul: Defense 3 Second,CNC,0,Tim Hardaway Jr.,Suns,Hardaway Jr. (DET) is in the paint for less than three seconds when he is imminently exiting.,101284.0,3.0,0,2.0,2591.0808772840373,101.71999999999998,9.6,21.5,Foul,non_call,67.1,61-90s,Q4,timing_count,Foul: Defense 3 Second,3.0,2.5910808772840372,0.5374732645832607
0022400798,4,Q4,01:09.3,Foul: Defense 3 Second,INC,1,Wendell Carter Jr.,Grizzlies,Carter Jr. (ORL) is in the paint for longer than three seconds without imminently actively guarding an opponent.,1628954.0,8.0,0,0.0,1309.6310757975618,102.64,10.1,13.0,Foul,non_call,69.3,61-90s,Q4,timing_count,Foul: Defense 3 Second,7.0,1.3096310757975618,0.5372506319364807
0022400713,3,Q4,01:05.3,Foul: Defense 3 Second,INC,1,Gradey Dick,Knicks,Dick (TOR) is in the paint for longer than three seconds without imminently actively guarding an opponent.,201638.0,3.0,0,3.0,3072.3958828208156,96.24000000000001,9.3,12.0,Foul,non_call,65.3,61-90s,Q4,timing_count,Foul: Defense 3 Second,3.0,3.0723958828208158,0.5347145691884992
0022400584,7,Q4,01:03.5,Foul: Defense 3 Second,INC,1,Zach LaVine,Hornets,LaVine (CHI) is in the paint for longer than three seconds without imminently actively guarding an opponent.,2534.0,3.0,0,2.0,943.9956669768285,102.97999999999998,11.3,19.5,Foul,non_call,63.5,61-90s,Q4,timing_count,Foul: Defense 3 Second,3.0,0.9439956669768285,0.533338995246978
0022400129,4,Q4,01:15.0,Foul: Defense 3 Second,INC,1,P.J. Washington,Rockets,Washington (DAL) is in the paint for longer than three seconds without imminently actively guarding an opponent.,201245.0,3.0,0,3.0,3677.4272202410934,96.33999999999999,8.8,15.0,Foul,non_call,75.0,61-90s,Q4,timing_count,Foul: Defense 3 Second,3.0,3.6774272202410936,0.5320607262077192
0022400968,9,Q4,00:41.6,Foul: Defense 3 Second,CNC,0,Day'Ron Sharpe,Celtics,Sharpe (BKN) is in the lane for less than 3 seconds without guarding Porzingis (BOS) when he moves to imminently guard Tatum (BOS). ,202027.0,2.0,0,2.0,4208.322867891974,86.54,8.4,16.0,Foul,non_call,41.6,31-60s,Q4,timing_count,Foul: Defense 3 Second,2.0,4.208322867891974,0.524328531420253
0022400123,4,Q4,01:18.6,Foul: Defense 3 Second,INC,1,Nikola Vucevic,Magic,Vucevic (CHI) straddles the lane line and is in the paint for longer than three seconds without imminently actively guarding an opponent.,2534.0,3.0,0,2.0,2397.2490365277185,100.40000000000002,11.6,19.0,Foul,non_call,78.6,61-90s,Q4,timing_count,Foul: Defense 3 Second,3.0,2.3972490365277186,0.521254334991463
0022400801,3,Q4,01:13.0,Foul: Defense 3 Second,CNC,0,Naz Reid,Rockets,Reid (MIN) is in the paint for less than three seconds when the shot is imminent.,202007.0,9.0,0,0.0,1219.1003985011503,107.25999999999999,10.0,19.0,Foul,non_call,73.0,61-90s,Q4,timing_count,Foul: Defense 3 Second,7.0,1.2191003985011504,0.5183276745084385
0022400807,0,Q4,01:58.7,Foul: Defense 3 Second,CNC,0,Quentin Grimes,Nets,Grimes (PHI) is in the paint for less than three seconds when he is imminently exiting.,1830.0,2.0,0,1.0,1022.7343845268456,94.96,7.9,10.5,Foul,non_call,118.7,91-120s,Q4,timing_count,Foul: Defense 3 Second,2.0,1.0227343845268455,0.518034693110738
0022400909,6,Q4,01:20.3,Foul: Defense 3 Second,CNC,0,Kevin Durant,Nuggets,Durant (PHX) is in the paint for less than three seconds when the shot is imminent.,202027.0,2.0,0,3.0,4639.079531409164,96.76075471698113,10.7,13.25,Foul,non_call,80.3,61-90s,Q4,timing_count,Foul: Defense 3 Second,2.0,4.6390795314091635,0.514660699447376
0022400912,6,Q4,00:45.7,Foul: Defense 3 Second,CNC,0,Ziaire Williams,Hornets,Williams (BKN) is in the paint for at or about three seconds when he moves to imminently guard an opponent.,1628951.0,3.0,0,2.0,2983.060886044619,92.32,8.4,15.0,Foul,non_call,45.7,31-60s,Q4,timing_count,Foul: Defense 3 Second,3.0,2.983060886044619,0.50896362131822
0022400807,2,Q4,01:37.8,Foul: Defense 3 Second,INC,1,Trendon Watford,76ers,Watford (BKN) straddles the lane line and is in the paint for longer than three seconds without imminently actively guarding an opponent.,1830.0,2.0,0,1.0,1022.7343845268456,94.96,7.9,10.5,Foul,non_call,97.8,91-120s,Q4,timing_count,Foul: Defense 3 Second,2.0,1.0227343845268455,0.5084858076026141
0022400178,8,Q4,00:35.3,Foul: Defense 3 Second,INC,1,Jusuf Nurkic,Heat,Nurkic (PHX) is in the paint for longer than three seconds without imminently actively guarding an opponent.,201245.0,2.0,0,2.0,2358.720148751155,97.86,9.3,18.0,Foul,non_call,35.3,31-60s,Q4,timing_count,Foul: Defense 3 Second,2.0,2.3587201487511553,0.5018789537532583
0022400390,7,Q4,00:38.6,Foul: Defense 3 Second,INC,1,Herbert Jones,Nuggets,Jones (NOP) is in the paint for longer than three seconds without imminently actively guarding an opponent.,1627519.0,2.0,0,1.0,1926.5642952768867,109.22264150943394,10.4,17.5,Foul,non_call,38.6,31-60s,Q4,timing_count,Foul: Defense 3 Second,2.0,1.9265642952768867,0.4970435785296307
0022400334,16,Q5,01:12.5,Foul: Defense 3 Second,INC,1,Jalen Johnson,Lakers,Johnson (ATL) straddles the lane line and is in the paint for longer than three seconds without imminently actively guarding an opponent.,202041.0,3.0,0,3.0,1551.7111054823908,103.571320754717,9.8,14.25,Foul,non_call,72.5,61-90s,OT,timing_count,Foul: Defense 3 Second,3.0,1.5517111054823909,0.49239640315025324
0022400230,27,Q5,00:36.3,Foul: Defense 3 Second,CNC,0,Jakob P?ltl,Celtics,Poltl (TOR) is in the paint for less than three seconds when the shot is imminent.,202041.0,4.0,0,1.0,1529.343832863127,92.19622641509433,9.4,11.0,Foul,non_call,36.3,31-60s,OT,timing_count,Foul: Defense 3 Second,4.0,1.529343832863127,0.4906196531381593
0022401000,7,Q4,00:23.7,Foul: Defense 3 Second,CNC,0,Duncan Robinson,Pistons,Robinson (MIA) is imminently exiting the lane within three seconds.,1155.0,3.0,0,2.0,2219.809295237406,98.92,9.8,14.5,Foul,non_call,23.7,00-30s,Q4,timing_count,Foul: Defense 3 Second,3.0,2.2198092952374058,0.4886378349505631
0022400688,6,Q4,00:24.0,Foul: Defense 3 Second,CNC,0,Nikola Jokic,Hornets,Jokic (DEN) is in the paint for less than three seconds when the shot is imminent.,201638.0,2.0,0,3.0,3482.7098239362413,100.64,8.2,15.0,Foul,non_call,24.0,00-30s,Q4,timing_count,Foul: Defense 3 Second,2.0,3.4827098239362413,0.48138383507158766
0022400170,5,Q4,00:55.4,Foul: Defense 3 Second,INC,1,Jonathan Isaac,Pacers,Isaac (ORL) is in the paint for longer than three seconds without imminently actively guarding an opponent.,203592.0,3.0,0,2.0,3808.979168458273,96.94,9.3,14.0,Foul,non_call,55.4,31-60s,Q4,timing_count,Foul: Defense 3 Second,3.0,3.808979168458273,0.4769164970421824
0022401102,49,Q6,00:34.5,Foul: Defense 3 Second,INC,1,Nikola Jokic,Timberwolves,Jokic (DEN) is in the paint for longer than three seconds without imminently actively guarding an opponent.,2882.0,22.0,0,0.0,804.5643206766763,94.49379310344828,8.0,13.666666666666666,Foul,non_call,34.5,31-60s,OT,timing_count,Foul: Defense 3 Second,7.0,0.8045643206766763,0.4758688513865005
0022400756,8,Q4,00:39.5,Foul: Defense 3 Second,CNC,0,Jonathan Isaac,Hawks,Isaac (ORL) is in the paint for less than three seconds when he is imminently exiting.,202007.0,3.0,0,3.0,1950.034628277257,98.94,8.6,14.5,Foul,non_call,39.5,31-60s,Q4,timing_count,Foul: Defense 3 Second,3.0,1.9500346282772572,0.4701077219361487
0022400924,3,Q4,01:25.0,Foul: Defense 3 Second,INC,1,Adem Bona,Jazz,Bona (PHI) is in the paint for longer than three seconds without imminently actively guarding an opponent.,2534.0,2.0,0,3.0,4425.502650784298,111.82,10.4,22.0,Foul,non_call,85.0,61-90s,Q4,timing_count,Foul: Defense 3 Second,2.0,4.425502650784297,0.46967077549608044
0022400431,5,Q4,00:44.4,Foul: Defense 3 Second,INC,1,Kevin Durant,Warriors,Durant (PHX) is in the paint for longer than three seconds without imminently actively guarding an opponent.,202035.0,2.0,0,2.0,2344.3056807148428,100.02000000000002,10.8,22.5,Foul,non_call,44.4,31-60s,Q4,timing_count,Foul: Defense 3 Second,2.0,2.3443056807148426,0.46724599136557965
0022400154,8,Q4,00:17.2,Foul: Defense 3 Second,INC,1,Brook Lopez,Cavaliers,Lopez (MIL) is in the paint for longer than three seconds without imminently actively guarding an opponent.,202007.0,3.0,0,2.0,3854.30317563354,100.66000000000001,9.4,14.5,Foul,non_call,17.2,00-30s,Q4,timing_count,Foul: Defense 3 Second,3.0,3.85430317563354,0.46368941420836296
0022400376,1,Q4,01:41.0,Foul: Defense 3 Second,CNC,0,Austin Reaves,Kings,Reaves (LAL) is in the paint for less than three seconds when the shot is imminent.,202056.0,2.0,0,1.0,2329.862634006211,97.19999999999999,8.5,17.5,Foul,non_call,101.0,91-120s,Q4,timing_count,Foul: Defense 3 Second,2.0,2.329862634006211,0.4610695961952374
0022400586,14,Q4,00:46.4,Foul: Defense 3 Second,CNC,0,Isaiah Stewart,Suns,Stewart (DET) is in the paint for less than three seconds when he is imminently exiting.,101284.0,3.0,0,2.0,2591.0808772840373,101.71999999999998,9.6,21.5,Foul,non_call,46.4,31-60s,Q4,timing_count,Foul: Defense 3 Second,3.0,2.5910808772840372,0.458944229150568
0022401229,4,Q4,01:21.5,Foul: Defense 3 Second,INC,1,Dyson Daniels,Bucks,Daniels (ATL) is in the paint for longer than three seconds without imminently actively guarding an opponent.,101284.0,7.0,0,1.0,3817.921543811496,103.42,10.5,16.0,Foul,non_call,81.5,61-90s,Q4,timing_count,Foul: Defense 3 Second,7.0,3.817921543811496,0.4586175452431764
0022400903,20,Q5,00:14.5,Foul: Defense 3 Second,INC,1,Jaxson Hayes,Knicks,Hayes (LAL) is in the paint for longer than three seconds without imminently actively guarding an opponent.,1155.0,2.0,0,3.0,2683.1720856849442,96.1811320754717,8.2,17.25,Foul,non_call,14.5,00-30s,OT,timing_count,Foul: Defense 3 Second,2.0,2.6831720856849444,0.4583696941055936
0022400686,3,Q4,00:40.0,Foul: Defense 3 Second,INC,1,Zaccharie Risacher,Pacers,Risacher (ATL) fails to fully clear the lane and is in the paint for longer than three seconds without imminently actively guarding an opponent.,1830.0,2.0,0,3.0,2514.80875887321,105.04,9.4,18.5,Foul,non_call,40.0,31-60s,Q4,timing_count,Foul: Defense 3 Second,2.0,2.51480875887321,0.4487288427400015
0022400975,6,Q4,00:57.4,Foul: Defense 3 Second,INC,1,Kyshawn George,Nuggets,George (WAS) is in the paint for longer than three seconds without imminently actively guarding an opponent.,201245.0,2.0,0,3.0,4052.5550954180653,107.98,9.1,12.0,Foul,non_call,57.4,31-60s,Q4,timing_count,Foul: Defense 3 Second,2.0,4.052555095418065,0.44463643295813915
0022400230,0,Q4,01:47.4,Foul: Defense 3 Second,CNC,0,Jakob P?ltl,Celtics,Poltl (TOR) is in the paint for less than three seconds when the shot is imminent.,202041.0,4.0,0,1.0,1529.343832863127,92.19622641509433,9.4,11.0,Foul,non_call,107.4,91-120s,Q4,timing_count,Foul: Defense 3 Second,4.0,1.529343832863127,0.4408842363367657
0022400123,14,Q4,00:03.3,Foul: Defense 3 Second,INC,1,Zach LaVine,Magic,LaVine (CHI) is in the paint for longer than three seconds without imminently actively guarding an opponent.,2534.0,3.0,0,2.0,2397.2490365277185,100.40000000000002,11.6,19.0,Foul,non_call,3.3,00-30s,Q4,timing_count,Foul: Defense 3 Second,3.0,2.3972490365277186,0.43477844490316186
0022400968,1,Q4,01:45.9,Foul: Defense 3 Second,CNC,0,Kristaps Porzingis,Nets,Porzingis (BOS) is in the paint for less than three seconds when he moves to imminently guard Sharpe (BKN).,202027.0,2.0,0,2.0,4208.322867891974,86.54,8.4,16.0,Foul,non_call,105.9,91-120s,Q4,timing_count,Foul: Defense 3 Second,2.0,4.208322867891974,0.4344098765082624
0022401204,2,Q4,01:41,Foul: Defense 3 Second,INC,1,Dillon Brooks,Warriors,Brooks (HOU) is in the paint for longer than three seconds without imminently actively guarding an opponent.,1628159.0,4.0,0,1.0,1792.289942146293,94.18,8.8,18.5,Foul,non_call,101.0,91-120s,Q4,timing_count,Foul: Defense 3 Second,4.0,1.792289942146293,0.4240867373767003
0022400605,33,Q5,00:19.5,Foul: Defense 3 Second,CNC,0,Svi Mykhailiuk,Pelicans,Mykhailiuk (UTA) is in the paint for less than three seconds when he is imminently exiting.,202056.0,2.0,0,3.0,4029.654236369238,101.86867924528302,9.4,14.0,Foul,non_call,19.5,00-30s,OT,timing_count,Foul: Defense 3 Second,2.0,4.029654236369238,0.41416643994734353
0022400352,8,Q4,00:44.5,Foul: Defense 3 Second,INC,1,Oso Ighodaro,Magic,Ighodaro (PHX) is in the paint for longer than three seconds without imminently actively guarding an opponent.,2003.0,3.0,0,3.0,2374.5806152953683,101.44,11.2,19.5,Foul,non_call,44.5,31-60s,Q4,timing_count,Foul: Defense 3 Second,3.0,2.3745806152953683,0.4081829809295521
0022400587,1,Q4,01:33.0,Foul: Defense 3 Second,CNC,0,Onyeka Okongwu,Celtics,Okongwu (ATL) is actively guarding an opponent within three seconds of entering the lane.,204058.0,2.0,0,2.0,2792.336281078887,99.82188679245282,9.6,24.5,Foul,non_call,93.0,91-120s,Q4,timing_count,Foul: Defense 3 Second,2.0,2.792336281078887,0.3814604848434818
0022400131,0,Q4,01:40.8,Foul: Defense 3 Second,INC,1,Terance Mann,Suns,Mann (LAC) is in the paint for longer than three seconds without imminently actively guarding an opponent.,200834.0,2.0,0,2.0,3044.4489509058276,99.78000000000002,10.7,20.5,Foul,non_call,100.8,91-120s,Q4,timing_count,Foul: Defense 3 Second,2.0,3.0444489509058275,0.37206848857817604
0022400854,5,Q4,01:20.0,Turnover: 8 Second Violation,INC,1,Tyler Herro,Pacers,Herro (MIA) takes more than eight seconds to establish the ball in the frontcourt. ,2882.0,2.0,0,3.0,3695.025330853156,92.12,7.0,12.5,Turnover,non_call,80.0,61-90s,Q4,timing_count,Other,2.0,3.695025330853156,0.3699340078138141
0022401075,1,Q4,01:56.5,Foul: Defense 3 Second,CNC,0,AJ Johnson,Nets,Johnson (WAS) is in the paint for less than three seconds when he is imminently exiting.,1627541.0,5.0,0,2.0,3811.7386683950717,97.66000000000001,8.1,16.0,Foul,non_call,116.5,91-120s,Q4,timing_count,Foul: Defense 3 Second,5.0,3.811738668395072,0.3569308093735389
0022400123,0,Q4,01:54.5,Foul: Defense 3 Second,INC,1,Zach LaVine,Magic,LaVine (CHI) is in the paint for longer than three seconds without imminently actively guarding an opponent.,2534.0,3.0,0,2.0,2397.2490365277185,100.40000000000002,11.6,19.0,Foul,non_call,114.5,91-120s,Q4,timing_count,Foul: Defense 3 Second,3.0,2.3972490365277186,0.353188208777909
0022400071,13,Q5,01:17.0,Turnover: Traveling,CNC,0,Norman Powell,Suns,Powell (LAC) bring his hand underneath the ball to gather just as he plants his right foot and then takes two legal steps to the basket before coming to a stop.,202007.0,1.0,1,1.0,361.41360810329445,101.50641509433963,10.3,14.25,Turnover,non_call,77.0,61-90s,OT,possession_boundary,Turnover: Traveling,1.0,0.3614136081032944,0.3517258989307754
0022400097,25,Q5,00:05.0,Violation: Lane,INC,1,Tyrese Haliburton,76ers,Haliburton (IND) crosses the plane of the free throw line before his free throw attempt contacts the rim.,1627964.0,2.0,0,1.0,1026.0605160711657,100.34716981132077,9.4,20.75,Violation,non_call,5.0,00-30s,OT,timing_count,Other,2.0,1.0260605160711658,0.3442307821772112
0022400429,23,Q5,00:02.8,Violation: Lane,INC,1,Malcolm Brogdon,Knicks,"Brogdon's (WAS) free throw attempt does not make contact with the rim, and a free throw violation should have been assessed.",201639.0,1.0,1,3.0,1163.2858916820544,100.99924528301887,8.4,19.75,Violation,non_call,2.8,00-30s,OT,timing_count,Other,1.0,1.1632858916820543,0.3350445240445278
0022400405,2,Q4,01:24.5,Turnover: Traveling,INC,1,Mikal Bridges,Spurs,Bridges (NYK) lifts and re-plants his pivot foot prior to releasing the ball to start his dribble.,203592.0,10.0,0,0.0,941.6224708690469,96.26,7.4,10.5,Turnover,non_call,84.5,61-90s,Q4,possession_boundary,Turnover: Traveling,7.0,0.9416224708690468,0.3304980598998284
0022401049,0,Q4,01:52.2,Foul: Defense 3 Second,CNC,0,Steven Adams,Hawks,Adams (HOU) is in the paint for less than three seconds when he moves to imminently guard an opponent.,201639.0,2.0,0,3.0,5639.045688551563,105.18,10.1,13.5,Foul,non_call,112.2,91-120s,Q4,timing_count,Foul: Defense 3 Second,2.0,5.639045688551564,0.32194272617914466
0022400286,13,Q4,00:04.8,Violation: Lane,CNC,0,Cody Martin,Heat,Martin's (CHA) free throw attempt makes contact with the flange of the basket and play correctly continues without interruption. ,201638.0,2.0,0,3.0,2229.606661095965,97.59999999999998,8.9,18.0,Violation,non_call,4.8,00-30s,Q4,timing_count,Other,2.0,2.229606661095965,0.3217171392493799
0022400200,20,Q4,00:06.1,Violation: Lane,INC,1,Jakob P?ltl,Clippers,Poltl (TOR) crosses the plane of the free throw line prior to the ball entering the imaginary cylinder above the rim.,202007.0,2.0,0,2.0,3090.5596626531787,98.66000000000001,10.0,19.5,Violation,non_call,6.1,00-30s,Q4,timing_count,Other,2.0,3.090559662653179,0.31886858355988684
0022401049,1,Q4,01:33.5,Foul: Defense 3 Second,INC,1,Georges Niang,Rockets,Niang (ATL) fails to fully clear the lane and is in the paint for longer than three seconds without imminently actively guarding an opponent.,201639.0,2.0,0,3.0,5639.045688551563,105.18,10.1,13.5,Foul,non_call,93.5,91-120s,Q4,timing_count,Foul: Defense 3 Second,2.0,5.639045688551564,0.31452291102326296
0022401175,9,Q4,01:15.7,Turnover: 8 Second Violation,CNC,0,Darius Garland,Knicks,Garland (CLE) establishes the ball in the frontcourt within eight seconds.,201245.0,2.0,0,3.0,5322.129602201784,93.5,8.8,14.0,Turnover,non_call,75.7,61-90s,Q4,timing_count,Other,2.0,5.322129602201784,0.3141583925936812
0022400390,4,Q4,01:27.4,Turnover: Traveling,CNC,0,Nikola Jokic,Pelicans,Jokic (DEN) gathers the ball and legally takes two steps before making the pass.,1627519.0,2.0,0,1.0,1926.5642952768867,109.22264150943394,10.4,17.5,Turnover,non_call,87.4,61-90s,Q4,possession_boundary,Turnover: Traveling,2.0,1.9265642952768867,0.3076143379971489
0022400903,4,Q4,01:10.4,Turnover: 3 Second Violation,INC,1,Luka Dončić,Knicks,Doncic (LAL) is in the lane for longer than three seconds.,1155.0,2.0,0,3.0,2683.1720856849442,96.1811320754717,8.2,17.25,Turnover,non_call,70.4,61-90s,Q4,timing_count,Turnover: 3 Second Violation,2.0,2.6831720856849444,0.3069580850320336
0022400547,6,Q4,01:12.1,Turnover: Traveling,INC,1,Brandon Miller,Suns,Miller (CHA) moves his pivot foot heel-to-toe.,2003.0,2.0,0,2.0,2501.912604165782,101.24000000000001,10.0,10.5,Turnover,non_call,72.1,61-90s,Q4,possession_boundary,Turnover: Traveling,2.0,2.5019126041657818,0.3012514090100549
0022400405,13,Q4,00:33.8,Turnover: 8 Second Violation,CNC,0,Jalen Brunson,Spurs,Brunson (NYK) establishes the ball in the frontcourt within eight seconds.,203592.0,10.0,0,0.0,941.6224708690469,96.26,7.4,10.5,Turnover,non_call,33.8,31-60s,Q4,timing_count,Other,7.0,0.9416224708690468,0.2991481967575351
0022400268,9,Q4,00:24.8,Violation: Lane,INC,1,Giannis Antetokounmpo,Hornets,Antetokounmpo (MIL) breaks the plane of the free-throw line before his shot touches the rim.,2534.0,6.0,0,1.0,940.6135151454339,104.83999999999999,9.8,19.0,Violation,non_call,24.8,00-30s,Q4,timing_count,Other,6.0,0.9406135151454339,0.2932014013712949
0022400040,22,Q4,00:08.6,Turnover: 5 Second Inbound,CNC,0,Cody Martin,Knicks,Martin (CHA) inbounds the ball within five seconds.,2003.0,2.0,0,2.0,3170.446027360562,95.47999999999998,7.8,24.5,Turnover,non_call,8.6,00-30s,Q4,timing_count,Other,2.0,3.170446027360562,0.29023068827013165
0022401201,6,Q4,00:40.6,Violation: Lane,INC,1,Khris Middleton,Magic,Lillard (MIL) steps inside the three-point arc and Middleton (MIL) enters the lane prior to the release of Black's (ORL) free throw attempt.,202056.0,3.0,0,2.0,2191.5844101561725,100.94,10.7,26.0,Violation,non_call,40.6,31-60s,Q4,timing_count,Other,3.0,2.1915844101561723,0.28434192401324565
0022400979,4,Q4,01:19.9,Turnover: Traveling,CNC,0,Franz Wagner,Cavaliers,Wagner (ORL) maintains his pivot foot prior to starting his upward shooting motion.,1146.0,2.0,0,3.0,3021.9217067543173,99.88,8.7,15.5,Turnover,non_call,79.9,61-90s,Q4,possession_boundary,Turnover: Traveling,2.0,3.021921706754317,0.2829183759224587
0022400242,21,Q4,00:04.3,Violation: Lane,INC,1,Shai Gilgeous-Alexander,Mavericks,Gilgeous-Alexander (OKC) crosses the plane of the free throw line before the ball contacts the rim.,202027.0,4.0,0,2.0,3850.9927455388033,97.42,9.0,22.0,Violation,non_call,4.3,00-30s,Q4,timing_count,Other,4.0,3.8509927455388033,0.2821136841940648
0022400230,12,Q4,00:26.5,Turnover: 3 Second Violation,INC,1,Jakob P?ltl,Celtics,Poltl (TOR) is in the lane for longer than three seconds.,202041.0,4.0,0,1.0,1529.343832863127,92.19622641509433,9.4,11.0,Turnover,non_call,26.5,00-30s,Q4,timing_count,Turnover: 3 Second Violation,4.0,1.529343832863127,0.27934465700709
0022400814,4,Q4,01:21.1,Turnover: Traveling,CNC,0,Tobias Harris,Hawks,Harris (DET) maintains his pivot foot prior to his jump shot attempt.,2714.0,2.0,0,1.0,1522.7369798642096,115.42,9.7,34.5,Turnover,non_call,81.1,61-90s,Q4,possession_boundary,Turnover: Traveling,2.0,1.5227369798642096,0.27842035814156746
0022400852,13,Q4,00:42.6,Turnover: 8 Second Violation,CNC,0,Darius Garland,Celtics,Garland (CLE) establishes the ball in the frontcourt prior to eight seconds elapsing after receiving the ball in the backcourt.,202027.0,2.0,0,3.0,2437.884633076832,94.42,8.8,14.0,Turnover,non_call,42.6,31-60s,Q4,timing_count,Other,2.0,2.437884633076832,0.2776356425851712
0022401035,3,Q4,01:23.4,Turnover: 5 Second Violation,CNC,0,Jamal Murray,Rockets,Murray (DEN) releases the inbounds pass within five seconds.,1628954.0,2.0,0,1.0,1292.7122377106887,95.7,10.1,28.0,Turnover,non_call,83.4,61-90s,Q4,timing_count,Turnover: 5 Second Violation,2.0,1.2927122377106888,0.2754272837206753
0022400501,2,Q4,01:24.4,Turnover: 8 Second Violation,CC,0,Tyler Herro,Kings,Herro (MIA) does not advance the ball into the frontcourt within eight seconds.,202007.0,2.0,0,2.0,1941.9173966749138,95.71862068965518,9.6,16.0,Turnover,call,84.4,61-90s,Q4,timing_count,Other,2.0,1.9419173966749137,0.27358177489951374
0022401198,6,Q4,01:18.5,Turnover: Traveling,CC,0,Brandin Podziemski,Clippers,Podziemski (GSW) gathers the ball and takes more than two steps.,202041.0,2.0,0,2.0,1553.3366028639593,91.48981132075474,7.4,13.0,Turnover,call,78.5,61-90s,Q4,possession_boundary,Turnover: Traveling,2.0,1.5533366028639592,0.27331451113451605
0022400097,9,Q4,00:06.5,Turnover: Traveling,INC,1,Tyrese Haliburton,76ers,Haliburton (IND) gathers the ball and takes more than two steps before attempting the shot.,1627964.0,2.0,0,1.0,1026.0605160711657,100.34716981132077,9.4,20.75,Turnover,non_call,6.5,00-30s,Q4,possession_boundary,Turnover: Traveling,2.0,1.0260605160711658,0.2713596502490053
0022400229,2,Q4,01:28.0,Turnover: Traveling,CNC,0,Giannis Antetokounmpo,Hornets,Antetokounmpo (MIL) gathers the ball on his left foot and takes two steps before his dunk.,200833.0,3.0,0,3.0,1812.104722521201,97.04,9.9,16.5,Turnover,non_call,88.0,61-90s,Q4,possession_boundary,Turnover: Traveling,3.0,1.812104722521201,0.27013744507466714
0022400201,12,Q4,00:06.1,Violation: Lane,INC,1,Cade Cunningham,Rockets,Cunningham (DET) crosses the plane of the free throw line before the ball makes contact with the rim.,2530.0,4.0,0,2.0,3013.3279496694768,99.33999999999999,10.1,25.5,Violation,non_call,6.1,00-30s,Q4,timing_count,Other,4.0,3.0133279496694767,0.2688371034372993
0022400702,4,Q4,01:00.0,Turnover: 5 Second Inbound,INC,1,Dillon Brooks,Knicks,Brooks (HOU) does not release the throw-in within five seconds.,203591.0,1.0,1,3.0,843.7664496919973,105.40000000000002,10.7,27.0,Turnover,non_call,60.0,31-60s,Q4,timing_count,Other,1.0,0.8437664496919973,0.2681437631265939
0022400469,12,Q4,00:13.1,Violation: Lane,CNC,0,Miles Bridges,Pistons,Bridges (CHA) avoids entering the lane prior to the shot being released.,2882.0,2.0,0,3.0,3344.743077103867,99.46,11.4,21.5,Violation,non_call,13.1,00-30s,Q4,timing_count,Other,2.0,3.344743077103867,0.2674616599507103
0022400819,3,Q4,01:13.3,Turnover: Traveling,CNC,0,Jaren Jackson Jr.,Cavaliers,Jackson Jr. (MEM) gathers the ball on his right foot and takes two steps before the shot attempt.,202007.0,2.0,0,1.0,2333.642290761557,106.52000000000002,11.7,28.5,Turnover,non_call,73.3,61-90s,Q4,possession_boundary,Turnover: Traveling,2.0,2.333642290761557,0.26729599321500846
0022400800,8,Q4,00:23.5,Turnover: Traveling,CNC,0,Scottie Barnes,Heat,Barnes (TOR) gathers the ball on his right foot and takes two legal steps before his shot attempt.,202901.0,9.0,0,0.0,1114.0627610417287,91.48981132075474,8.3,8.75,Turnover,non_call,23.5,00-30s,Q4,possession_boundary,Turnover: Traveling,7.0,1.1140627610417286,0.26218013457791634
0022400807,1,Q4,01:51.0,Turnover: 3 Second Violation,INC,1,Nic Claxton,76ers,Claxton (BKN) is in the lane for longer than three seconds.,1830.0,2.0,0,1.0,1022.7343845268456,94.96,7.9,10.5,Turnover,non_call,111.0,91-120s,Q4,timing_count,Turnover: 3 Second Violation,2.0,1.0227343845268455,0.25919805153413594
0022400050,11,Q4,00:16.9,Turnover: Traveling,CNC,0,Nick Richards,76ers,Richards (CHA) gathers the pass on his right foot and takes two steps before the shot attempt at the rim.,202056.0,2.0,0,2.0,3511.9112234875283,92.06,7.7,21.5,Turnover,non_call,16.9,00-30s,Q4,possession_boundary,Turnover: Traveling,2.0,3.5119112234875285,0.25757413740676055
0022400894,3,Q4,01:25,Turnover: Traveling,INC,1,Alex Sarr,Jazz,Sarr (WAS) gathers the ball on his right foot and hops consecutively on the same foot after his gather.,1146.0,3.0,0,2.0,1860.908901497852,106.78000000000002,10.9,20.0,Turnover,non_call,85.0,61-90s,Q4,possession_boundary,Turnover: Traveling,3.0,1.860908901497852,0.2567500896134132
0022400799,2,Q4,01:23.9,Turnover: 3 Second Violation,INC,1,Brook Lopez,Wizards,Lopez (MIL) is in the lane for longer than three seconds.,1627964.0,8.0,0,0.0,1842.998406268605,103.16000000000001,11.7,12.5,Turnover,non_call,83.9,61-90s,Q4,timing_count,Turnover: 3 Second Violation,7.0,1.8429984062686051,0.25542785167006776
0022400831,17,Q4,00:03.7,Violation: Double Lane,CC,0,Giannis Antetokounmpo,Rockets,"Antetokounmpo (MIL) and Sengun (HOU) each vacate their respective lane spaces prior to the release of the free throw attempt. A double lane violation is correctly whistled and, by rule, there is a jump ball at midcourt when play resumes.",1146.0,2.0,0,1.0,1604.0784690758528,101.02000000000002,10.6,21.5,Violation,call,3.7,00-30s,Q4,timing_count,Other,2.0,1.6040784690758527,0.2543132147235905
0022400831,18,Q4,00:03.7,Violation: Double Lane,CC,0,Alperen Sengun,Bucks,"Antetokounmpo (MIL) and Sengun (HOU) each vacate their respective lane spaces prior to the release of the free throw attempt. A double lane violation is correctly whistled and, by rule, there is a jump ball at midcourt when play resumes.",1146.0,2.0,0,1.0,1604.0784690758528,101.02000000000002,10.6,21.5,Violation,call,3.7,00-30s,Q4,timing_count,Other,2.0,1.6040784690758527,0.2543132147235905
0022400566,9,Q4,01:02,Turnover: Traveling,INC,1,Klay Thompson,Pelicans,Thompson (DAL) lifts his pivot foot and returns to the floor before releasing the pass.,204058.0,6.0,0,1.0,1802.9611405180551,105.28000000000002,8.5,21.5,Turnover,non_call,62.0,61-90s,Q4,possession_boundary,Turnover: Traveling,6.0,1.8029611405180552,0.25208994563729
0022400498,7,Q4,01:10.0,Turnover: Traveling,CNC,0,Chris Paul,Bulls,"Paul (SAS) briefly loses control of the ball after landing to the floor, recovers, and legally starts his dribble after securing the rebound. ",1627964.0,3.0,0,2.0,1852.6375107148124,105.94,11.7,14.5,Turnover,non_call,70.0,61-90s,Q4,possession_boundary,Turnover: Traveling,3.0,1.8526375107148123,0.2517263952751378
0022400623,14,Q4,00:46.5,Turnover: Traveling,INC,1,Trae Young,Raptors,Young (ATL) slides his pivot foot.,2003.0,1.0,1,2.0,2542.3553213520286,104.88,10.3,14.5,Turnover,non_call,46.5,31-60s,Q4,possession_boundary,Turnover: Traveling,1.0,2.5423553213520287,0.25145219168891125
0022400762,3,Q4,01:27.0,Turnover: 3 Second Violation,INC,1,Domantas Sabonis,Mavericks,Sabonis (SAC) is in the paint for longer than three seconds.,2534.0,3.0,0,3.0,4069.1925529788323,100.94490566037736,9.2,20.25,Turnover,non_call,87.0,61-90s,Q4,timing_count,Turnover: 3 Second Violation,3.0,4.069192552978833,0.25054117456261527
0022400535,7,Q4,01:09.5,Turnover: 3 Second Violation,CNC,0,Rudy Gobert,Grizzlies,"After Jackson Jr. (MEM) dislodges the ball from Randle (MIN), Gobert (MIN) is in the lane for less than three seconds before his shot attempt.",1628159.0,2.0,0,3.0,4046.5722696075527,105.36,10.6,11.5,Turnover,non_call,69.5,61-90s,Q4,timing_count,Turnover: 3 Second Violation,2.0,4.046572269607553,0.24987468834848978
0022400404,3,Q4,01:24.0,Turnover: Traveling,CC,0,Jaden Ivey,,Ivey (DET) moves his pivot foot.,203591.0,1.0,1,2.0,3203.817708237175,98.14,9.0,16.5,Turnover,call,84.0,61-90s,Q4,possession_boundary,Turnover: Traveling,1.0,3.203817708237175,0.24967794887271585
0022400335,13,Q4,00:25.6,Turnover: 5 Second Violation,CNC,0,Khris Middleton,Celtics,Middleton (MIL) inbounds the ball within five seconds.,201638.0,2.0,0,1.0,1911.0790412489996,95.76,7.9,19.0,Turnover,non_call,25.6,00-30s,Q4,timing_count,Turnover: 5 Second Violation,2.0,1.9110790412489995,0.24916175155078288
0022401198,16,Q4,00:17.5,Turnover: 5 Second Violation,CNC,0,James Harden,Warriors,Harden (LAC) releases the ball prior to five seconds elapsing after receiving the ball from the game official.,202041.0,2.0,0,2.0,1553.3366028639593,91.48981132075474,7.4,13.0,Turnover,non_call,17.5,00-30s,Q4,timing_count,Turnover: 5 Second Violation,2.0,1.5533366028639592,0.24914379567186148
0022401102,15,Q4,00:03.1,Turnover: Traveling,CNC,0,Julius Randle,Nuggets,Randle (MIN) gathers the pass in the air and maintains his right foot as his pivot foot prior to releasing the ball to start his dribble.,2882.0,22.0,0,0.0,804.5643206766763,94.49379310344828,8.0,13.666666666666666,Turnover,non_call,3.1,00-30s,Q4,possession_boundary,Turnover: Traveling,7.0,0.8045643206766763,0.24904838528329934
0022400011,1,Q4,01:25,Turnover: 3 Second Violation,INC,1,Jalen Duren,Raptors,Duren (DET) fails to clear the lane within 3 seconds after stepping into the paint.,1162.0,3.0,0,3.0,3918.342984342386,103.24000000000001,9.0,21.0,Turnover,non_call,85.0,61-90s,Q4,timing_count,Turnover: 3 Second Violation,3.0,3.918342984342386,0.24856105249937954
0022400517,4,Q4,01:02.4,Stoppage: Out-of-Bounds,CNC,0,Jarrett Allen,Raptors,Allen (CLE) remains inbounds while making contact with the loose ball.,201639.0,1.0,1,1.0,971.7543187961264,96.36,8.8,12.5,Stoppage,non_call,62.4,61-90s,Q4,possession_boundary,Stoppage: Out-of-Bounds,1.0,0.9717543187961264,0.24739538292312188
0022400399,6,Q4,00:21.1,Turnover: Traveling,CNC,0,Ja Morant,Clippers,"Although Morant (MEM) loses his balance, he legally takes two steps before releasing the pass.",2714.0,2.0,0,1.0,1529.738511267462,110.44,10.9,14.0,Turnover,non_call,21.1,00-30s,Q4,possession_boundary,Turnover: Traveling,2.0,1.529738511267462,0.2431764198028365
0022400526,6,Q4,00:51,Turnover: Traveling,CNC,0,Paolo Banchero,Bucks,Banchero (ORL) gathers the ball on his right foot and establishes his left as his pivot. He legally lifts his pivot foot and releases his pass prior to his pivot foot returning to the ground.,202056.0,2.0,0,2.0,1962.8697518084205,96.28000000000002,8.9,28.5,Turnover,non_call,51.0,31-60s,Q4,possession_boundary,Turnover: Traveling,2.0,1.9628697518084204,0.24070089507108872
0022400912,9,Q4,00:35.2,Turnover: Traveling,CNC,0,Cam Thomas,Hornets,Thomas (BKN) gathers the ball on his left foot and takes two steps before his shot attempt.,1628951.0,3.0,0,2.0,2983.060886044619,92.32,8.4,15.0,Turnover,non_call,35.2,31-60s,Q4,possession_boundary,Turnover: Traveling,3.0,2.983060886044619,0.24067631612077234
0022400973,8,Q4,00:24.9,Turnover: Traveling,CNC,0,Kelly Olynyk,Spurs,Olynyk (NOP) gathers the ball on his left foot and takes two steps before releasing his shot attempt.,200834.0,5.0,0,1.0,1536.293519519154,100.18,8.2,17.0,Turnover,non_call,24.9,00-30s,Q4,possession_boundary,Turnover: Traveling,5.0,1.536293519519154,0.24045699899143408
0022400422,10,Q4,00:45.5,Turnover: Traveling,INC,1,Alperen Sengun,Timberwolves,Sengun (HOU) lifts his pivot foot prior to releasing his dribble.,1628159.0,4.0,0,2.0,1020.7446669719216,95.7,8.9,12.5,Turnover,non_call,45.5,31-60s,Q4,possession_boundary,Turnover: Traveling,4.0,1.0207446669719216,0.24010464507499726
0022400975,16,Q4,00:22.8,Turnover: 8 Second Violation,CNC,0,Jordan Poole,Nuggets,Poole (WAS) establishes the ball in the frontcourt prior to eight seconds elapsing after receiving the ball in the backcourt.,201245.0,2.0,0,3.0,4052.5550954180653,107.98,9.1,12.0,Turnover,non_call,22.8,00-30s,Q4,timing_count,Other,2.0,4.052555095418065,0.2386873487562289
0022400242,16,Q4,00:16.7,Turnover: 8 Second Violation,CNC,0,Kyrie Irving,Thunder,Irving (DAL) establishes the ball in the frontcourt within eight seconds.,202027.0,4.0,0,2.0,3850.9927455388033,97.42,9.0,22.0,Turnover,non_call,16.7,00-30s,Q4,timing_count,Other,4.0,3.8509927455388033,0.23471404020521014
0022400544,8,Q4,00:46.4,Turnover: 3 Second Violation,CNC,0,Anthony Black,76ers,Black (ORL) is imminently exiting the lane within three seconds.,1627524.0,4.0,0,2.0,1542.7344280457944,95.5,9.7,14.0,Turnover,non_call,46.4,31-60s,Q4,timing_count,Turnover: 3 Second Violation,4.0,1.5427344280457944,0.2338712402092845
0022400544,9,Q4,00:43.2,Turnover: 3 Second Violation,CNC,0,Jonathan Isaac,76ers,"Isaac (ORL) steps into the lane and the three-second count is stopped when the ball is deflected. When Anthony (ORL) regains possession, the count resumes and the shot is imminent within three seconds.",1627524.0,4.0,0,2.0,1542.7344280457944,95.5,9.7,14.0,Turnover,non_call,43.2,31-60s,Q4,timing_count,Turnover: 3 Second Violation,4.0,1.5427344280457944,0.2328242644168382
0022400234,16,Q4,00:02.7,Turnover: Traveling,INC,1,Julius Randle,Suns,Randle (MIN) lifts his pivot foot prior to releasing his dribble.,1193.0,2.0,0,2.0,1893.8402390289987,97.52,10.6,16.5,Turnover,non_call,2.7,00-30s,Q4,possession_boundary,Turnover: Traveling,2.0,1.8938402390289986,0.23279059023111723
0022400230,34,Q5,00:03.4,Turnover: Traveling,INC,1,Jayson Tatum,Raptors,Tatum (BOS) slides his pivot foot before releasing his dribble.,202041.0,4.0,0,1.0,1529.343832863127,92.19622641509433,9.4,11.0,Turnover,non_call,3.4,00-30s,OT,possession_boundary,Turnover: Traveling,4.0,1.529343832863127,0.23216066174855202
0022400169,10,Q4,00:45.0,Turnover: 3 Second Violation,INC,1,Isaiah Stewart,Hornets,Stewart (DET) is in the lane for longer than three seconds.,2002.0,8.0,0,0.0,939.3023666557799,101.5,8.9,17.0,Turnover,non_call,45.0,31-60s,Q4,timing_count,Turnover: 3 Second Violation,7.0,0.9393023666557799,0.23135518847820655
0022401096,3,Q4,01:15.4,Turnover: Traveling,CNC,0,Amen Thompson,Lakers,Thompson (HOU) gathers the ball and makes a legal move to the basket.,202027.0,4.0,0,2.0,3916.1394873566305,100.14,10.5,20.5,Turnover,non_call,75.4,61-90s,Q4,possession_boundary,Turnover: Traveling,4.0,3.9161394873566304,0.2303816459813208
0022400917,9,Q4,00:06.6,Turnover: Traveling,CNC,0,Damian Lillard,Magic,Lillard (MIL) gathers the ball on his right foot and takes two steps before releasing his jump shot attempt,202007.0,4.0,0,2.0,2690.327185188451,94.24000000000001,8.0,16.0,Turnover,non_call,6.6,00-30s,Q4,possession_boundary,Turnover: Traveling,4.0,2.690327185188451,0.22971560284785833
0022400532,12,Q4,00:25.5,Turnover: Traveling,CNC,0,Trae Young,Rockets,"Young (ATL) loses his footing, but does not commit a traveling violation before he is granted a timeout.",1627964.0,3.0,0,2.0,2242.236058159911,102.92,9.1,15.5,Turnover,non_call,25.5,00-30s,Q4,possession_boundary,Turnover: Traveling,3.0,2.242236058159911,0.2294759763086185
0022400271,5,Q4,01:15.8,Turnover: 5 Second Violation,CNC,0,Julius Randle,Celtics,Randle (MIN) releases the inbounds pass within five seconds. ,202007.0,6.0,0,2.0,2096.3362093494798,92.92,8.1,9.5,Turnover,non_call,75.8,61-90s,Q4,timing_count,Turnover: 5 Second Violation,6.0,2.09633620934948,0.22803418270580483
0022400576,8,Q4,00:27.6,Turnover: Traveling,CNC,0,Trey Lyles,Rockets,Lyles (SAC) gathers the pass on his left foot and takes two steps before releasing the pass.,202035.0,3.0,0,1.0,2534.3865387679452,106.62,9.6,22.5,Turnover,non_call,27.6,00-30s,Q4,possession_boundary,Turnover: Traveling,3.0,2.5343865387679454,0.2278215598107521
0022400517,5,Q4,01:02.4,Turnover: 24 Second Violation,CNC,0,Caris LeVert,Cavaliers,LeVert (CLE) is deemed to have possession of the ball prior to the shot clock expiring for Toronto.,201639.0,1.0,1,1.0,971.7543187961264,96.36,8.8,12.5,Turnover,non_call,62.4,61-90s,Q4,timing_count,Turnover: 24 Second Violation,1.0,0.9717543187961264,0.2264704253362567
0022400896,5,Q4,00:27.0,Turnover: Traveling,CNC,0,Jake LaRavia,Nuggets,LaRavia (SAC) maintains his pivot foot during the shot fake and does not move it until after the release of his dribble.,2530.0,2.0,0,3.0,1675.6414889600296,101.18,10.2,11.0,Turnover,non_call,27.0,00-30s,Q4,possession_boundary,Turnover: Traveling,2.0,1.6756414889600295,0.22592217896843633
0022400953,25,Q5,00:02.0,Turnover: Traveling,CNC,0,Mikal Bridges,Trail Blazers,Bridges (NYK) gathers the ball and legally takes two steps into his jump shooting motion.,1628159.0,3.0,0,1.0,2349.5329703217776,95.00377358490567,9.3,18.5,Turnover,non_call,2.0,00-30s,OT,possession_boundary,Turnover: Traveling,3.0,2.3495329703217775,0.22489631137888216
0022401024,6,Q4,01:29.5,Turnover: 8 Second Violation,CC,0,Pacers,Nets,Siakam (IND) does not advance the ball into the frontcourt within eight seconds.,203591.0,3.0,0,2.0,3192.956019892762,100.36,9.4,25.5,Turnover,call,89.5,61-90s,Q4,timing_count,Other,3.0,3.1929560198927622,0.22380703060733417
0022400355,4,Q4,01:22.5,Turnover: Traveling,CC,0,Jonathan Kuminga,Timberwolves,Kuminga (GSW) moves his pivot foot upon gathering the ball.,2534.0,2.0,0,2.0,2659.5005429666803,95.3,10.3,10.5,Turnover,call,82.5,61-90s,Q4,possession_boundary,Turnover: Traveling,2.0,2.6595005429666805,0.22374009998109723
0022401151,17,Q5,00:50,Turnover: Traveling,INC,1,Derrick White,Knicks,White (BOS) lifts and re-plants his pivot foot prior to releasing his dribble.,101284.0,6.0,0,1.0,1658.059619670851,93.30113207547171,7.1,12.75,Turnover,non_call,50.0,31-60s,OT,possession_boundary,Turnover: Traveling,6.0,1.6580596196708508,0.22365116764681026
0022400631,13,Q4,00:09.4,Turnover: 5 Second Violation,CNC,0,Ty Jerome,76ers,Jerome (CLE) signals for a timeout within 5 seconds.,203591.0,1.0,1,1.0,1932.8241472554382,102.62,10.2,26.0,Turnover,non_call,9.4,00-30s,Q4,timing_count,Turnover: 5 Second Violation,1.0,1.9328241472554382,0.22359497405999057
0022400688,4,Q4,00:53.5,Turnover: Traveling,CNC,0,Miles Bridges,Nuggets,Bridges (CHA) gathers the ball on his right foot and takes two steps before shooting.,201638.0,2.0,0,3.0,3482.7098239362413,100.64,8.2,15.0,Turnover,non_call,53.5,31-60s,Q4,possession_boundary,Turnover: Traveling,2.0,3.4827098239362413,0.22212029543985048
0022400108,6,Q4,00:58.7,Turnover: Traveling,INC,1,Desmond Bane,Bulls,Bane (MEM) splits his feet at the start of his dribble.,2882.0,2.0,0,2.0,2758.164272940441,107.09999999999998,9.9,16.0,Turnover,non_call,58.7,31-60s,Q4,possession_boundary,Turnover: Traveling,2.0,2.758164272940441,0.22194336561231826
0022400943,6,Q4,01:00.3,Turnover: 5 Second Violation,CNC,0,James Harden,Pelicans,Harden (LAC) releases the inbounds pass within five seconds.,202041.0,2.0,0,3.0,3128.2138429092447,99.92,8.5,20.5,Turnover,non_call,60.3,61-90s,Q4,timing_count,Turnover: 5 Second Violation,2.0,3.1282138429092448,0.22168355035016382
0022400169,18,Q4,00:08.6,Turnover: Traveling,CNC,0,Ronald Holland II,Hornets,Holland II (DET) gathers the ball on his right foot and legally takes two steps to the basket.,2002.0,8.0,0,0.0,939.3023666557799,101.5,8.9,17.0,Turnover,non_call,8.6,00-30s,Q4,possession_boundary,Turnover: Traveling,7.0,0.9393023666557799,0.22140930589062727
0022401063,12,Q4,00:02.8,Turnover: Traveling,CNC,0,Josh Giddey,Lakers,Giddey (CHI) legally takes two steps into his shooting motion.,2530.0,3.0,0,2.0,2648.5500804970793,104.80000000000001,8.4,16.5,Turnover,non_call,2.8,00-30s,Q4,possession_boundary,Turnover: Traveling,3.0,2.6485500804970794,0.22133762640097004
0022400102,10,Q4,00:16.7,Turnover: 3 Second Violation,INC,1,Myles Turner,Magic,Turner (IND) is in the lane for longer than three seconds.,1627524.0,3.0,0,2.0,2089.1602582077526,100.96,11.4,11.5,Turnover,non_call,16.7,00-30s,Q4,timing_count,Turnover: 3 Second Violation,3.0,2.0891602582077526,0.2210325212260424
0022400683,15,Q4,00:25.9,Turnover: Traveling,CNC,0,CJ McCollum,Celtics,McCollum (NOP) gathers the ball on his right foot and takes two steps before his jump shot attempt.,202056.0,2.0,0,2.0,3883.858004980272,104.90000000000002,9.9,12.0,Turnover,non_call,25.9,00-30s,Q4,possession_boundary,Turnover: Traveling,2.0,3.8838580049802722,0.2210274816541024
0022400648,7,Q4,00:32.5,Turnover: Traveling,CNC,0,Josh Okogie,Lakers,Okogie (CHA) fumbles the ball upon receiving the pass and legally recovers the loose ball.,200833.0,2.0,0,2.0,3394.2393587709403,99.74000000000001,9.7,17.0,Turnover,non_call,32.5,31-60s,Q4,possession_boundary,Turnover: Traveling,2.0,3.3942393587709403,0.22070406513110477
0022400410,15,Q4,00:18.7,Turnover: Traveling,INC,1,Andrew Nembhard,Thunder,Nembhard (IND) gathers the ball on his right foot and hops consecutively on the same foot after his gather.,204059.0,10.0,0,0.0,1807.4309966302408,99.12,9.0,16.0,Turnover,non_call,18.7,00-30s,Q4,possession_boundary,Turnover: Traveling,7.0,1.8074309966302409,0.22007494680380532
0022400930,6,Q4,00:30.4,Turnover: 8 Second Violation,CNC,0,D'Angelo Russell,Lakers,Russell (BKN) brings the ball into the frontcourt within eight seconds.,101284.0,2.0,0,3.0,3985.398722261156,97.28000000000002,11.0,17.0,Turnover,non_call,30.4,31-60s,Q4,timing_count,Other,2.0,3.9853987222611558,0.2197196620979735
0022400208,4,Q4,00:52.1,Turnover: Traveling,CNC,0,Nikola Jokic,Mavericks,Jokic (DEN) gathers the ball on his right foot and legally takes two steps to the basket.,202027.0,2.0,0,3.0,4334.400817088313,97.90000000000002,8.8,9.5,Turnover,non_call,52.1,31-60s,Q4,possession_boundary,Turnover: Traveling,2.0,4.334400817088312,0.21858296059232546
0022400683,9,Q4,00:53.9,Turnover: Traveling,CNC,0,Trey Murphy III,Celtics,Murphy III (NOP) maintains his pivot prior to releasing the jump shot attempt.,202056.0,2.0,0,2.0,3883.858004980272,104.90000000000002,9.9,12.0,Turnover,non_call,53.9,31-60s,Q4,possession_boundary,Turnover: Traveling,2.0,3.8838580049802722,0.21829067155221432
0022401109,9,Q4,00:10,Turnover: Traveling,INC,1,Anthony Davis,Hawks,Davis (DAL) moves his foot heel-to-toe to create distance on the perimeter.,1627541.0,4.0,0,1.0,3161.318870871187,103.46,9.6,13.5,Turnover,non_call,10.0,00-30s,Q4,possession_boundary,Turnover: Traveling,4.0,3.161318870871187,0.21791262395834857
0022400197,6,Q4,01:08.0,Turnover: Traveling,CNC,0,Keldon Johnson,Jazz,"Johnson (SAS) is not in full control of the ball as he returns to the floor, he then gathers it on his right foot and releases the ball to pass. ",203591.0,3.0,0,3.0,3087.4149588795203,106.38,10.4,22.5,Turnover,non_call,68.0,61-90s,Q4,possession_boundary,Turnover: Traveling,3.0,3.08741495887952,0.21743560146507862
0022400390,25,Q5,00:01.6,Violation: Lane,CC,0,Russell Westbrook,Yves Missi,Westbrook (DEN) disconcerts the free throw shooter.,1627519.0,2.0,0,1.0,1926.5642952768867,109.22264150943394,10.4,17.5,Violation,call,1.6,00-30s,OT,timing_count,Other,2.0,1.9265642952768867,0.21688352472494674
0022400390,26,Q5,00:01.6,Violation: Lane,CC,0,Yves Missi,Nuggets,Missi (NOP) crosses the plane of the free throw line before his attempt can make contact with the rim.,1627519.0,2.0,0,1.0,1926.5642952768867,109.22264150943394,10.4,17.5,Violation,call,1.6,00-30s,OT,timing_count,Other,2.0,1.9265642952768867,0.21688352472494674
0022400718,8,Q4,00:35.5,Turnover: Traveling,INC,1,Georges Niang,Pistons,Niang (CLE) switches his pivot foot.,202007.0,1.0,1,3.0,1648.8744607382098,105.94,9.7,30.0,Turnover,non_call,35.5,31-60s,Q4,possession_boundary,Turnover: Traveling,1.0,1.6488744607382098,0.21670219867169818
0022400709,21,Q5,00:52.0,Turnover: Traveling,INC,1,Devin Booker,Trail Blazers,"Booker (PHX) establishes a pivot foot, jumps into the air, and illegally starts his dribble.",1628159.0,3.0,0,2.0,3252.9023609536907,91.2543396226415,8.0,20.25,Turnover,non_call,52.0,31-60s,OT,possession_boundary,Turnover: Traveling,3.0,3.2529023609536907,0.21607946796085223
0022400683,17,Q4,00:07.5,Turnover: Traveling,CNC,0,Jayson Tatum,Pelicans,Tatum (BOS) gathers the pass on his right foot and takes two steps before coming to a stop.,202056.0,2.0,0,2.0,3883.858004980272,104.90000000000002,9.9,12.0,Turnover,non_call,7.5,00-30s,Q4,possession_boundary,Turnover: Traveling,2.0,3.8838580049802722,0.21528799858554262
0022400063,13,Q4,00:05.8,Turnover: Traveling,INC,1,Malik Beasley,Pacers,Beasley (DET) lifts and re-plants his pivot foot prior to releasing his dribble.,1146.0,192.0,0,0.0,240.38493189037203,101.16000000000001,9.5,21.5,Turnover,non_call,5.8,00-30s,Q4,possession_boundary,Turnover: Traveling,7.0,0.24038493189037202,0.21527422657920567
0022400942,8,Q4,00:51.9,Turnover: Traveling,CNC,0,Pascal Siakam,Bucks,Siakam (IND) maintains his pivot foot.,1162.0,2.0,0,3.0,4337.232167221355,100.14,7.9,18.5,Turnover,non_call,51.9,31-60s,Q4,possession_boundary,Turnover: Traveling,2.0,4.337232167221355,0.21237886899146385
0022400334,8,Q4,00:47.8,Turnover: 3 Second Violation,CNC,0,Max Christie,Hawks,Christie (LAL) is imminently exiting the lane within three seconds.,202041.0,3.0,0,3.0,1551.7111054823908,103.571320754717,9.8,14.25,Turnover,non_call,47.8,31-60s,Q4,timing_count,Turnover: 3 Second Violation,3.0,1.5517111054823909,0.21216209848491815
0022400064,8,Q4,01:03.2,Turnover: Traveling,CNC,0,Dyson Daniels,Nets,Daniels (ATL) maintains his pivot foot prior to releasing his dribble.,2714.0,192.0,0,0.0,2081.8824397917892,105.62,12.1,23.0,Turnover,non_call,63.2,61-90s,Q4,possession_boundary,Turnover: Traveling,7.0,2.0818824397917894,0.21165670515040957
0022400102,6,Q4,00:53.8,Turnover: Traveling,INC,1,Tyrese Haliburton,Magic,Haliburton (IND) gathers the ball on his right foot and takes three steps before coming to a stop.,1627524.0,3.0,0,2.0,2089.1602582077526,100.96,11.4,11.5,Turnover,non_call,53.8,31-60s,Q4,possession_boundary,Turnover: Traveling,3.0,2.0891602582077526,0.21142035070498774
0022400878,9,Q4,00:02.9,Turnover: Traveling,CNC,0,Caris LeVert,Grizzlies,LeVert (ATL) gathers the pass on his right foot and legally takes two steps to the basket.,101284.0,4.0,0,2.0,3816.83012742763,103.74000000000001,7.8,10.0,Turnover,non_call,2.9,00-30s,Q4,possession_boundary,Turnover: Traveling,4.0,3.81683012742763,0.21136345946830823
0022400205,39,Q5,00:00.4,Violation: Lane,CC,0,Grant Williams,76ers,Williams (CHA) crosses the plane of the free throw line before the ball can make contact with the rim. ,2004.0,4.0,0,2.0,1391.7959050077184,97.8656603773585,8.1,19.0,Violation,call,0.4,00-30s,OT,timing_count,Other,4.0,1.3917959050077184,0.2112901890580539
0022400223,13,Q4,00:05.5,Turnover: Traveling,CNC,0,Giannis Antetokounmpo,Pistons,Antetokounmpo (MIL) gathers the ball on his left foot and takes two steps before releasing the pass.,203591.0,4.0,0,2.0,2020.6019850658238,98.13735849056603,9.8,15.25,Turnover,non_call,5.5,00-30s,Q4,possession_boundary,Turnover: Traveling,4.0,2.0206019850658237,0.2103286192444597
0022400359,16,Q4,00:06.3,Turnover: 5 Second Violation,INC,1,Ochai Agbaji,Knicks,Agbaji (TOR) does not release the throw-in within five seconds.,1146.0,2.0,0,2.0,3064.9744832872066,95.09999999999998,8.8,11.0,Turnover,non_call,6.3,00-30s,Q4,timing_count,Turnover: 5 Second Violation,2.0,3.0649744832872066,0.2099957852631698
0022400408,13,Q4,00:06.3,Turnover: 5 Second Violation,CNC,0,Max Christie,Warriors,Christie (LAL) inbounds the ball within five seconds. ,1628951.0,2.0,0,1.0,1857.6651016557878,96.7,10.8,18.0,Turnover,non_call,6.3,00-30s,Q4,timing_count,Turnover: 5 Second Violation,2.0,1.8576651016557877,0.20973813970167454
0022400119,17,Q4,00:01.6,Turnover: Traveling,CNC,0,Tyrese Haliburton,Celtics,Haliburton (IND) releases his shot attempt before returning to the floor.,2530.0,3.0,0,2.0,2187.6928904283945,106.50566037735848,9.8,15.5,Turnover,non_call,1.6,00-30s,Q4,possession_boundary,Turnover: Traveling,3.0,2.1876928904283948,0.20859876304771421
0022400354,12,Q4,00:12.9,Turnover: Traveling,INC,1,Trey Murphy III,Spurs,Murphy III (NOP) moves his pivot foot prior to releasing his dribble.,2882.0,2.0,0,3.0,1767.9364788547964,103.44,9.8,21.0,Turnover,non_call,12.9,00-30s,Q4,possession_boundary,Turnover: Traveling,2.0,1.7679364788547964,0.2075170341180437
0022400102,7,Q4,00:36.1,Turnover: Traveling,CNC,0,Jalen Suggs,Pacers,Suggs (ORL) maintains his pivot foot during the pump fake and before he releases his dribble.,1627524.0,3.0,0,2.0,2089.1602582077526,100.96,11.4,11.5,Turnover,non_call,36.1,31-60s,Q4,possession_boundary,Turnover: Traveling,3.0,2.0891602582077526,0.20607378325231113
0022400707,15,Q4,00:17.2,Violation: Lane,CC,0,Lauri Markkanen,Pacers,Markkanen (UTA) crosses the plane of the free throw line prior to the ball making contact with the rim.,1626300.0,3.0,0,2.0,2372.985602903286,104.0,11.1,17.5,Violation,call,17.2,00-30s,Q4,timing_count,Other,3.0,2.372985602903286,0.2059722917440694
0022400202,9,Q4,00:18.8,Turnover: Traveling,CNC,0,Giannis Antetokounmpo,Celtics,Antetokounmpo (MIL) gathers the ball on his left foot and legally takes two steps to the basket.,1627541.0,2.0,0,3.0,4140.562230095072,99.56,9.4,14.5,Turnover,non_call,18.8,00-30s,Q4,possession_boundary,Turnover: Traveling,2.0,4.140562230095072,0.2054661531194915
0022400623,22,Q4,00:02.7,Turnover: 5 Second Violation,CNC,0,Dyson Daniels,Raptors,Daniels (ATL) releases his pass prior to five seconds elapsing after receiving the ball from the Official.,2003.0,1.0,1,2.0,2542.3553213520286,104.88,10.3,14.5,Turnover,non_call,2.7,00-30s,Q4,timing_count,Turnover: 5 Second Violation,1.0,2.5423553213520287,0.20427575456926378
0022401204,20,Q4,00:03.5,Turnover: 5 Second Violation,INC,1,Brandin Podziemski,Rockets,Podziemski (GSW) does not inbound the ball within five seconds.,1628159.0,4.0,0,1.0,1792.289942146293,94.18,8.8,18.5,Turnover,non_call,3.5,00-30s,Q4,timing_count,Turnover: 5 Second Violation,4.0,1.792289942146293,0.20425806225644585
0022400205,29,Q5,00:36.6,Turnover: Traveling,CNC,0,LaMelo Ball,76ers,Ball (CHA) steps back and legally pivots off of his left foot before passing.,2004.0,4.0,0,2.0,1391.7959050077184,97.8656603773585,8.1,19.0,Turnover,non_call,36.6,31-60s,OT,possession_boundary,Turnover: Traveling,4.0,1.3917959050077184,0.2040856881369805
0022400334,12,Q4,00:15.0,Turnover: Traveling,INC,1,LeBron James,Hawks,James (LAL) leaves his feet to pass and his right foot returns to the floor while he is still in possession of the ball.,202041.0,3.0,0,3.0,1551.7111054823908,103.571320754717,9.8,14.25,Turnover,non_call,15.0,00-30s,Q4,possession_boundary,Turnover: Traveling,3.0,1.5517111054823909,0.20389021847490832
0022400605,18,Q4,00:14.9,Turnover: Traveling,CNC,0,Isaiah Collier,Pelicans,"Collier (UTA) controls the loose ball, gathers on his right foot, and establishes his left foot as his pivot, which he maintains.",202056.0,2.0,0,3.0,4029.654236369238,101.86867924528302,9.4,14.0,Turnover,non_call,14.9,00-30s,Q4,possession_boundary,Turnover: Traveling,2.0,4.029654236369238,0.202293107306032
0022400233,14,Q4,00:21.8,Turnover: Traveling,CNC,0,Collin Sexton,Kings,Sexton (UTA) receives the pass and loses control of the ball as he falls to the floor on his own accord. Utah calls a timeout prior to Sexton beginning his dribble on the ground and rising off of the floor.,1830.0,3.0,0,2.0,4184.053899448822,97.24000000000001,9.6,23.5,Turnover,non_call,21.8,00-30s,Q4,possession_boundary,Turnover: Traveling,3.0,4.1840538994488226,0.20196945251417095
0022401201,16,Q4,00:03.3,Violation: Lane,CC,0,Jett Howard,Bucks,Howard's (ORL) free throw attempt does not make contact with the rim.,202056.0,3.0,0,2.0,2191.5844101561725,100.94,10.7,26.0,Violation,call,3.3,00-30s,Q4,timing_count,Other,3.0,2.1915844101561723,0.20164889004993555
0022400509,14,Q4,00:34.2,Turnover: Traveling,INC,1,Darius Garland,Thunder,Garland (CLE) moves his pivot foot heel-to-toe to create distance prior to starting his dribble.,101284.0,2.0,0,3.0,3324.2912974928063,103.18,9.6,12.5,Turnover,non_call,34.2,31-60s,Q4,possession_boundary,Turnover: Traveling,2.0,3.3242912974928065,0.20163532444557933
0022400143,11,Q4,00:17.3,Turnover: Traveling,INC,1,RJ Barrett,Kings,Barrett (TOR) repositions his pivot foot on the ground to create space from the defender while in possession of the ball. ,101283.0,3.0,0,2.0,1901.9095202098256,105.38264150943395,11.4,15.5,Turnover,non_call,17.3,00-30s,Q4,possession_boundary,Turnover: Traveling,3.0,1.9019095202098255,0.20079450804206517
0022400178,10,Q4,00:16.0,Turnover: 5 Second Violation,CNC,0,Terry Rozier,Suns,Rozier (MIA) releases the throw-in within five seconds.,201245.0,2.0,0,2.0,2358.720148751155,97.86,9.3,18.0,Turnover,non_call,16.0,00-30s,Q4,timing_count,Turnover: 5 Second Violation,2.0,2.3587201487511553,0.20065484912199993
0022401190,14,Q4,00:04.4,Turnover: 5 Second Violation,CNC,0,Justin Champagnie,Heat,Champagnie (WAS) releases his inbound pass prior to five seconds elapsing after receiving the ball from the official.,101283.0,2.0,0,2.0,3127.362372875986,101.88,8.0,15.5,Turnover,non_call,4.4,00-30s,Q4,timing_count,Turnover: 5 Second Violation,2.0,3.127362372875986,0.20040416799427604
0022400912,11,Q4,00:07.9,Turnover: 5 Second Violation,CNC,0,D'Angelo Russell,Hornets,Russell (BKN) releases the inbounds pass within 5 seconds.,1628951.0,3.0,0,2.0,2983.060886044619,92.32,8.4,15.0,Turnover,non_call,7.9,00-30s,Q4,timing_count,Turnover: 5 Second Violation,3.0,2.983060886044619,0.19977545317028503
0022400138,17,Q4,00:10.9,Turnover: Traveling,CNC,0,Zion Williamson,Pacers,Williamson (NOP) gathers the ball on his left foot and takes two steps before the take foul is committed. ,2534.0,2.0,0,3.0,3232.4958493210806,101.54,10.1,16.5,Turnover,non_call,10.9,00-30s,Q4,possession_boundary,Turnover: Traveling,2.0,3.2324958493210807,0.19863785191967073
0022400225,8,Q4,00:52,Turnover: Traveling,CNC,0,LeBron James,Grizzlies,James (LAL) does not commit a traveling violation after standing up as he secures the loose ball and he legally starts his dribble.,1626301.0,2.0,0,2.0,2854.9085853242877,107.3,10.7,24.5,Turnover,non_call,52.0,31-60s,Q4,possession_boundary,Turnover: Traveling,2.0,2.8549085853242877,0.1985291732525533
0022400587,25,Q5,00:11.0,Turnover: Traveling,INC,1,Jayson Tatum,Hawks,Tatum (BOS) slides his pivot foot prior to releasing his dribble.,204058.0,2.0,0,2.0,2792.336281078887,99.82188679245282,9.6,24.5,Turnover,non_call,11.0,00-30s,OT,possession_boundary,Turnover: Traveling,2.0,2.792336281078887,0.1975472584610534
0022400178,12,Q4,00:04.8,Turnover: 5 Second Violation,CNC,0,Jimmy Butler,Suns,Butler (MIA) releases the throw-in within five seconds.,201245.0,2.0,0,2.0,2358.720148751155,97.86,9.3,18.0,Turnover,non_call,4.8,00-30s,Q4,timing_count,Turnover: 5 Second Violation,2.0,2.3587201487511553,0.19738959236512008
0022401184,11,Q4,00:03.9,Turnover: 5 Second Violation,CNC,0,James Harden,Kings,Harden (LAC) inbounds the ball within five seconds.,202007.0,2.0,0,2.0,3587.5834730503607,91.7,8.7,22.0,Turnover,non_call,3.9,00-30s,Q4,timing_count,Turnover: 5 Second Violation,2.0,3.5875834730503606,0.1964207472155373
0022400942,5,Q4,01:26.3,Turnover: Traveling,IC,1,Tyrese Haliburton,Bucks,Haliburton (IND) maintains his pivot foot prior to jumping into his shooting motion.,1162.0,2.0,0,3.0,4337.232167221355,100.14,7.9,18.5,Turnover,call,86.3,61-90s,Q4,possession_boundary,Turnover: Traveling,2.0,4.337232167221355,0.19422692410579112
0022400313,8,Q4,00:20.5,Turnover: 5 Second Violation,CNC,0,Malik Monk,Spurs,Monk (SAC) releases the throw-in within five seconds.,1146.0,1.0,1,3.0,3007.0258000015033,100.06,9.6,18.5,Turnover,non_call,20.5,00-30s,Q4,timing_count,Turnover: 5 Second Violation,1.0,3.0070258000015033,0.19410009451560276
0022400113,14,Q5,00:58.4,Turnover: Traveling,CNC,0,Cam Thomas,Nuggets,"Thomas (BKN) bobbles the ball attempting to gather and upon regaining possession, he immediately passes to a teammate.",202053.0,3.0,0,2.0,3654.7307806437784,97.15924528301888,9.6,15.25,Turnover,non_call,58.4,31-60s,OT,possession_boundary,Turnover: Traveling,3.0,3.6547307806437783,0.1940153068011265
0022400878,4,Q4,01:16.0,Turnover: Traveling,CC,0,Desmond Bane,Hawks,Bane (MEM) slides his pivot foot prior to releasing the ball.,101284.0,4.0,0,2.0,3816.83012742763,103.74000000000001,7.8,10.0,Turnover,call,76.0,61-90s,Q4,possession_boundary,Turnover: Traveling,4.0,3.81683012742763,0.1938392991799736
0022401201,7,Q4,00:34.3,Turnover: Traveling,CNC,0,Damian Lillard,Magic,Lillard (MIL) gathers the ball on his left foot and legally takes two steps before elevating for the shot attempt.,202056.0,3.0,0,2.0,2191.5844101561725,100.94,10.7,26.0,Turnover,non_call,34.3,31-60s,Q4,possession_boundary,Turnover: Traveling,3.0,2.1915844101561723,0.19320524034204503
0022400393,8,Q4,00:50.9,Turnover: Traveling,CNC,0,Tristan da Silva,Celtics,da Silva (ORL) establishes his left foot as his pivot foot as he comes to a stop and he does not raise his pivot foot from the floor.,1830.0,4.0,0,2.0,4489.658329864325,105.56,8.7,13.0,Turnover,non_call,50.9,31-60s,Q4,possession_boundary,Turnover: Traveling,4.0,4.489658329864326,0.1919438069341891
0022400033,17,Q4,00:19.9,Turnover: 3 Second Violation,CNC,0,Dereck Lively II,Nuggets,Lively II (DAL) is in the lane for less than three seconds when the shot is imminent.,1830.0,2.0,0,3.0,3807.245189444086,102.32,9.8,29.0,Turnover,non_call,19.9,00-30s,Q4,timing_count,Turnover: 3 Second Violation,2.0,3.807245189444086,0.1908830226114282
0022400907,23,Q4,00:08.1,Turnover: 5 Second Violation,INC,1,Kyle Anderson,Timberwolves,Anderson (MIA) does not inbound the ball within five seconds.,202041.0,3.0,0,2.0,2680.9815054161613,94.5,8.1,24.0,Turnover,non_call,8.1,00-30s,Q4,timing_count,Turnover: 5 Second Violation,3.0,2.6809815054161614,0.19088267613140908
0022400903,9,Q4,00:09.1,Turnover: 5 Second Violation,CNC,0,Mikal Bridges,Lakers,Bridges (NYK) releases the inbounds pass within 5 seconds.,1155.0,2.0,0,3.0,2683.1720856849442,96.1811320754717,8.2,17.25,Turnover,non_call,9.1,00-30s,Q4,timing_count,Turnover: 5 Second Violation,2.0,2.6831720856849444,0.19006365989950968
0022400322,8,Q4,00:08.0,Turnover: 5 Second Violation,CNC,0,Kelly Oubre Jr.,Magic,Oubre Jr (PHI) inbounds the ball within five seconds.,204058.0,5.0,0,1.0,2250.9989392875345,92.3,8.7,19.0,Turnover,non_call,8.0,00-30s,Q4,timing_count,Turnover: 5 Second Violation,5.0,2.2509989392875345,0.19003983833879046
0022400040,7,Q4,01:34.6,Turnover: 3 Second Violation,CNC,0,Moussa Diabaté,Knicks,"Diabaté (CHA) is in the lane for less than three seconds when the ball is touched by an opponent.  Once the Hornets regain possession, he receives the ball in the lane and immediately shoots.",2003.0,2.0,0,2.0,3170.446027360562,95.47999999999998,7.8,24.5,Turnover,non_call,94.6,91-120s,Q4,timing_count,Turnover: 3 Second Violation,2.0,3.170446027360562,0.19002716555189755
0022400909,9,Q4,00:42.3,Turnover: Traveling,CNC,0,Nikola Jokić,Suns,"Jokić (DEN) gathers the pass on his right foot and takes one step, establishing his left foot as his pivot, which he maintains prior to starting his dribble.",202027.0,2.0,0,3.0,4639.079531409164,96.76075471698113,10.7,13.25,Turnover,non_call,42.3,31-60s,Q4,possession_boundary,Turnover: Traveling,2.0,4.6390795314091635,0.18948213717934495
0022400505,5,Q4,00:25.6,Turnover: Traveling,CNC,0,Mike Conley,Pelicans,Conley (MIN) gathers the ball on his right foot and takes two steps before releasing the pass.,1628954.0,2.0,0,3.0,4559.054842934781,103.96,9.5,20.0,Turnover,non_call,25.6,00-30s,Q4,possession_boundary,Turnover: Traveling,2.0,4.559054842934781,0.1884962104688998
0022401198,38,Q5,00:36.7,Turnover: Traveling,CC,0,Kawhi Leonard,Warriors,"Leonard (LAC) releases the shot attempt and after it fails to make contact with the rim, is illegally the first player to touch it. ",202041.0,2.0,0,2.0,1553.3366028639593,91.48981132075474,7.4,13.0,Turnover,call,36.7,31-60s,OT,possession_boundary,Turnover: Traveling,2.0,1.5533366028639592,0.18542505502028547
0022400917,4,Q4,00:34.7,Turnover: 5 Second Violation,CNC,0,Cole Anthony,Bucks,Anthony (ORL) releases the inbounds pass in under 5 seconds.,202007.0,4.0,0,2.0,2690.327185188451,94.24000000000001,8.0,16.0,Turnover,non_call,34.7,31-60s,Q4,timing_count,Turnover: 5 Second Violation,4.0,2.690327185188451,0.18517505368240675
0022400178,0,Q4,01:59.5,Turnover: Traveling,INC,1,Devin Booker,Heat,Booker (PHX) moves his pivot foot after gathering.,201245.0,2.0,0,2.0,2358.720148751155,97.86,9.3,18.0,Turnover,non_call,119.5,91-120s,Q4,possession_boundary,Turnover: Traveling,2.0,2.3587201487511553,0.18497593427599396
0022400143,31,Q5,00:48.0,Turnover: 3 Second Violation,CNC,0,Domantas Sabonis,Raptors,Sabonis (SAC) is exiting the lane within three seconds.,101283.0,3.0,0,2.0,1901.9095202098256,105.38264150943395,11.4,15.5,Turnover,non_call,48.0,31-60s,OT,timing_count,Turnover: 3 Second Violation,3.0,1.9019095202098255,0.18486160169517502
0022400187,12,Q5,00:40.2,Turnover: Traveling,INC,1,Cameron Johnson,Celtics,Johnson (BKN) moves his pivot foot upon receiving the pass.,200834.0,6.0,0,1.0,2596.765443007824,96.8875471698113,9.1,13.25,Turnover,non_call,40.2,31-60s,OT,possession_boundary,Turnover: Traveling,6.0,2.596765443007824,0.1840705102448134
0022400484,1,Q4,01:49.3,Turnover: 3 Second Violation,CNC,0,Nikola Jokic,Spurs,Jokic (DEN) is in the lane for less than three seconds when the shot is imminent.,200834.0,1.0,1,3.0,3066.990262494423,100.54641509433964,10.5,10.0,Turnover,non_call,109.3,91-120s,Q4,timing_count,Turnover: 3 Second Violation,1.0,3.0669902624944227,0.18354716796314272
0022400520,11,Q4,00:29.2,Turnover: Traveling,CNC,0,Fred VanVleet,Grizzlies,"VanVleet (HOU) gathers, jumps into the air, and releases the pass prior to returning to the floor.",1627964.0,2.0,0,3.0,2261.3418904698974,108.12,11.5,20.5,Turnover,non_call,29.2,00-30s,Q4,possession_boundary,Turnover: Traveling,2.0,2.261341890469897,0.1834019354390201
0022400158,24,Q4,00:07.6,Turnover: 5 Second Violation,CNC,0,Dennis Schr?der,Grizzlies,Schr?der (BKN) requests and is granted a timeout within five seconds.,1628953.0,3.0,0,2.0,2892.035469308802,95.32,9.7,15.0,Turnover,non_call,7.6,00-30s,Q4,timing_count,Turnover: 5 Second Violation,3.0,2.892035469308802,0.1827306028887883
0022400520,16,Q4,00:03.2,Violation: Lane,CC,0,Desmond Bane,Rockets,Bane (MEM) crosses the plane of the free throw line before the ball makes contact with the rim.,1627964.0,2.0,0,3.0,2261.3418904698974,108.12,11.5,20.5,Violation,call,3.2,00-30s,Q4,timing_count,Other,2.0,2.261341890469897,0.18269383376751006
0022400465,7,Q4,00:49.9,Turnover: Traveling,CNC,0,Cameron Johnson,Bucks,"Johnson (BKN) gathers the ball and establishes his left foot as his pivot, which he maintains prior to releasing the pass.",202041.0,2.0,0,3.0,4474.616695239234,101.82,10.5,17.5,Turnover,non_call,49.9,31-60s,Q4,possession_boundary,Turnover: Traveling,2.0,4.474616695239234,0.1822055354697964
0022400370,26,Q5,00:53.2,Turnover: Traveling,CNC,0,Devin Vassell,Hawks,Vassell (SAS) fumbles the ball and legally regains possession.,203591.0,4.0,0,2.0,2521.620962725806,107.03094339622642,8.7,15.75,Turnover,non_call,53.2,31-60s,OT,possession_boundary,Turnover: Traveling,4.0,2.5216209627258057,0.18210662510627393
0022400950,4,Q4,00:11.6,Turnover: 5 Second Violation,INC,1,Jazz,Grizzlies,Collier (UTA) do not release the throw-in within five seconds.,2530.0,2.0,0,2.0,1905.4001633137104,107.78000000000002,11.0,9.5,Turnover,non_call,11.6,00-30s,Q4,timing_count,Turnover: 5 Second Violation,2.0,1.9054001633137105,0.18168099363709092
